loss,accuracy,val_loss,val_accuracy
,0.02631578966975212,,0.02631578966975212
