loss,accuracy,val_loss,val_accuracy
8.618261407260671e+29,0.018421052023768425,3.6423394680023193,0.02631578966975212
